app/__init__.py	源文件_01.py
app/config.py	源文件_02.py
app/database.py	源文件_03.py
app/main.py	源文件_04.py
app/models.py	源文件_05.py
app/routers/__init__.py	源文件_06.py
app/routers/auth.py	源文件_07.py
app/routers/chat.py	源文件_08.py
app/routers/compile.py	源文件_09.py
app/routers/evidence.py	源文件_10.py
app/routers/favorites.py	源文件_11.py
app/routers/game.py	源文件_12.py
app/routers/knowledge.py	源文件_13.py
app/routers/learning_path.py	源文件_14.py
app/routers/organizer.py	源文件_15.py
app/routers/search.py	源文件_16.py
app/routers/srs.py	源文件_17.py
app/routers/tree.py	源文件_18.py
app/services/__init__.py	源文件_19.py
app/services/asr.py	源文件_20.py
app/services/bilibili.py	源文件_21.py
app/services/content_fetcher.py	源文件_22.py
app/services/evidence_qa.py	源文件_23.py
app/services/evidence_ranker.py	源文件_24.py
app/services/evidence_ranker_metrics.py	源文件_25.py
app/services/extractor.py	源文件_26.py
app/services/graph_rag.py	源文件_27.py
app/services/graph_store.py	源文件_28.py
app/services/knowledge_compiler.py	源文件_29.py
app/services/lightweight_models.py	源文件_30.py
app/services/path_recommender.py	源文件_31.py
app/services/query_router.py	源文件_32.py
app/services/rag.py	源文件_33.py
app/services/srs.py	源文件_34.py
app/services/tree_builder.py	源文件_35.py
app/services/video_classifier.py	源文件_36.py
app/services/video_organizer.py	源文件_37.py
app/services/wbi.py	源文件_38.py
app/services/xiaohongshu.py	源文件_39.py
app/services/zhihu.py	源文件_40.py
scripts/build_evidence_training_data.py	源文件_41.py
scripts/build_organizer_training_data.py	源文件_42.py
scripts/eval_evidence_ranker.py	源文件_43.py
scripts/infer_evidence_ranker.py	源文件_44.py
scripts/migrate_add_session_id.py	源文件_45.py
scripts/migrate_zhiying.py	源文件_46.py
scripts/train_evidence_ranker.py	源文件_47.py
scripts/train_organizer_classifier.py	源文件_48.py
test/debug_asr_single.py	源文件_49.py
test/diagnose_rag.py	源文件_50.py
test/sync_cache_vectors.py	源文件_51.py
test/test_core.py	源文件_52.py
